{"cameraMode":{"drawMode":0,"name":"Shaded","section":"Shading Mode"},"sceneLighting":false,"audioPlay":false,"sceneViewState":{"showFog":true,"showMaterialUpdate":false,"showSkybox":true,"showFlares":true,"showImageEffects":true,"showParticleSystems":true},"in2DMode":false,"pivot":{"x":0.02729511260986328,"y":0.861084520816803,"z":0.007589578628540039},"rotation":{"x":-0.28549250960350039,"y":0.0044573531486094,"z":-0.08223368227481842,"w":-0.9548360109329224},"size":4.790700435638428,"orthographic":false}