{"cameraMode":{"drawMode":0,"name":"Shaded","section":"Shading Mode"},"sceneLighting":false,"audioPlay":false,"sceneViewState":{"showFog":true,"showMaterialUpdate":false,"showSkybox":true,"showFlares":true,"showImageEffects":true,"showParticleSystems":true},"in2DMode":false,"pivot":{"x":5.086243152618408,"y":4.0349249839782719,"z":23.457088470458986},"rotation":{"x":0.038252297788858417,"y":0.9184929132461548,"z":-0.3827272951602936,"w":0.09180092066526413},"size":19.84214210510254,"orthographic":false}